Senko,senko.jpg,https://www.senko.co.kr/
Greenplus,greenplus.png,https://greenplus.co.kr/main/main.php
Cenaclesoft,cenacle.png,https://cenacle.com/
Themuze,themuze.png,https://themuze.kr/
Channelhealthcare,channelhealthcare.jpg,https://www.innoforest.co.kr/company/CP00017612
Nuvola,Nuvola.png,https://nuvola.tech/
Stage5,stage5.png,https://www.stagefive.com/
Bigc,bigc.png,https://www.bigc.im/
The swing,theswing.png,https://swingmobility.co/
ALT,altech.png,https://www.altech.kr/kr/index.php
Samil Pharm,samil.png,https://www.samil-pharm.com/
UTI,uti.jpg,https://www.utikorea.com/ko/main
